ticker,score_date,physical_raw,physical_norm,physical_confidence,quality_score,quality_confidence,roic_wacc_spread,margin_snr,inflation_convexity,crowding_score,crowding_confidence,etf_correlation,trends_norm,short_pct,composite_score,composite_confidence,mu_estimate,sigma_estimate,kelly_fraction,kelly_25pct,entry_signal,exit_signal,autocorr_delta,absorption_delta,etf_corr_score,short_interest_score,swing_score,swing_confidence,rs_rank,breakout_score,vcp_score
ABB,2026-03-08,2.0,0.6666666666666666,1.0,0.5,0.0,,,,0.5,0.125,0.5,0.5,0.5,,0.375,,,,,False,False,,,,,,,,,
REE.MC,2026-03-08,1.5,0.5,1.0,0.5,0.0,,,,0.5,0.0,0.5,0.5,0.5,,0.3333,,,,,False,False,,,,,,,,,
EDF.PA,2026-03-08,2.0,0.6666666666666666,1.0,0.5,0.0,,,,0.5,0.125,0.5,0.5,0.5,,0.375,,,,,False,False,,,,,,,,,
PRY.MI,2026-03-23,1.5,0.999,1.0,0.0,0.0,,13.8215,1.8152,0.2687,0.4239,,,,0.0,0.6322,0.03,,,,False,True,-0.2292,0.0,0.0,0.0,0.297,1.0,0.6746,0.0,0.1359
EMR,2026-03-23,2.0,0.999,1.0,0.0,0.0,,13.4109,-0.0105,0.4775,0.5029,,,,0.0,0.6507,0.0427,,,,False,True,0.0651,0.0,0.1585,0.0,0.1747,1.0,0.2201,0.0,0.4332
RHM.DE,2026-03-23,1.5,0.999,1.0,1.0,0.6667,0.2779,41.8689,2.7178,0.4218,0.5029,,,,0.5776,0.8062,0.2033,,,,False,False,-0.0336,0.0,0.2051,0.0,0.1146,1.0,0.2057,0.0,0.1617
BA.L,2026-03-23,1.5,0.999,1.0,0.0,0.0,,68.6165,-0.1751,0.2811,0.5029,,,,0.0,0.6507,0.03,,,,False,True,-0.296,0.0,0.3966,0.0,0.3777,1.0,0.5311,0.3405,0.1453
HEI,2026-03-23,1.5,0.999,1.0,0.0,0.0,,,,0.3852,0.4239,,,,0.0,0.4222,0.0427,,,,False,True,-0.0684,0.0,0.0,0.0,0.1206,1.0,0.1818,0.0,0.2394
GF.SW,2026-03-23,1.5,0.999,1.0,0.5291,0.6667,0.1058,27.7531,-0.117,0.4621,0.4239,,,,0.2843,0.7878,0.1153,,,,False,False,-0.1159,0.0,0.8536,0.0,0.0373,1.0,0.0048,0.0,0.1768
ERII,2026-03-23,1.5,0.999,1.0,0.0,0.0,,40.0763,-0.003,0.4257,0.4239,,,,0.0,0.6322,0.0427,,,,False,True,-0.0125,0.0,0.0,0.0,0.0953,1.0,0.0,0.0,0.4767
ANET,2026-03-23,1.5,0.999,1.0,0.0,0.0,,44.9336,-0.1736,0.3966,0.4996,,,,0.0,0.6499,0.0427,,,,False,True,-0.0535,0.0,0.0888,0.0,0.2865,1.0,0.5646,0.0,0.3035
POWL,2026-03-23,1.5,0.999,1.0,0.0,0.0,,2.4061,-0.1268,0.2816,0.4239,,,,0.0,0.6322,0.0427,,,,False,True,-0.2114,0.0,0.0,0.0,0.4366,1.0,0.9569,0.0,0.2691
RED.MC,2026-03-23,1.5,0.999,1.0,0.0,0.0,,131.7334,-0.1019,0.4812,0.4239,,,,0.0,0.6322,0.03,,,,False,True,-0.1159,0.0,1.0,0.0,0.0897,1.0,0.0813,0.0,0.2861
ENEL.MI,2026-03-23,1.5,0.999,1.0,0.0,0.6667,0.1187,1.5847,12.8842,0.5155,0.4239,,,,0.0,0.7878,0.03,,,,False,True,0.1114,0.0,0.0,0.0,0.1873,1.0,0.4402,0.0,0.0559
ALFEN.AS,2026-03-23,2.0,0.999,1.0,0.0,0.75,-0.0741,6.3447,-2.6169,0.5748,0.4239,,,,0.0,0.8072,0.03,,,,False,True,0.1443,0.0,0.2719,0.0,0.1164,1.0,0.0191,0.0,0.544
DNN,2026-03-23,2.0,0.999,1.0,0.0,0.0,,0.1755,3.6686,0.3311,0.4239,,,,0.0,0.6322,0.0427,,,,False,True,-0.1688,0.0,0.1425,0.0,0.4139,1.0,0.933,0.0,0.2034
FORTUM.HE,2026-03-23,2.0,0.999,1.0,0.3681,0.75,0.0491,15.7328,1.6513,0.6562,0.4239,,,,0.1264,0.8072,0.0679,,,,False,False,0.1255,0.0,1.0,0.0,0.432,1.0,0.4354,0.5139,0.2613
LMT,2026-03-23,1.5,0.999,1.0,1.0,0.9167,0.4283,7.0809,0.0703,0.4245,0.4239,,,,0.5749,0.8461,0.2152,,,,False,False,-0.1258,0.0,0.6202,0.0,0.3632,1.0,0.5502,0.1468,0.4219
RTX,2026-03-23,2.0,0.999,1.0,0.0,0.0,,,,0.2695,0.4239,,,,0.0,0.4222,0.0427,,,,False,True,-0.2776,0.0,0.2747,0.0,0.3072,1.0,0.5981,0.1179,0.104
GD,2026-03-23,1.5,0.999,1.0,0.8655,0.3333,0.3462,,,0.459,0.4239,,,,0.4678,0.5,0.183,,,,False,False,0.0312,0.0,0.0124,0.0,0.3308,1.0,0.3923,0.1792,0.5111
SAIC,2026-03-23,2.0,0.999,1.0,1.0,0.3333,0.4505,,,0.4614,0.4239,,,,0.5381,0.5,0.2041,,,,False,False,0.03,0.0,0.0374,0.0,0.1395,1.0,0.0622,0.0,0.5731
PNR,2026-03-23,1.5,0.999,1.0,0.0,0.0,,12.3649,-0.4801,0.4762,0.4239,,,,0.0,0.6322,0.0427,,,,False,True,0.0572,0.0,0.0,0.0,0.1416,1.0,0.1196,0.0,0.4688
SVT.L,2026-03-23,1.5,0.999,1.0,0.0786,0.75,0.0157,23.1298,-3.3188,0.5652,0.4239,,,,0.0341,0.8072,0.0402,,,,False,True,0.1362,0.0,0.2434,0.0,0.1951,1.0,0.4019,0.0098,0.1521
UMI.BR,2026-03-23,2.0,0.999,1.0,0.0,0.0,,3.3581,0.8393,0.3478,0.4239,,,,0.0,0.6322,0.03,,,,False,True,-0.324,0.0,1.0,0.0,0.2895,1.0,0.6316,0.0,0.1842
ATYM.L,2026-03-23,1.5,0.999,1.0,0.0,0.6667,-0.032,1.4095,3.6235,0.5912,0.4239,,,,0.0,0.7878,0.03,,,,False,True,0.1145,0.0,0.5634,0.0,0.371,1.0,0.8421,0.0,0.1708
LAC,2026-03-23,1.5,0.999,1.0,0.0,0.0,,,,0.6795,0.4239,,,,0.0,0.4222,0.0427,,,,False,True,0.1577,0.0,1.0,0.0,0.2712,1.0,0.4163,0.0,0.5234
FM.TO,2026-03-23,1.5,0.999,1.0,0.0,0.75,-0.0528,6.315,1.6077,0.638,0.4239,,,,0.0,0.8072,0.0385,,,,False,True,0.2195,0.0,0.3385,0.0,0.2945,1.0,0.6459,0.0,0.1809
HBM.TO,2026-03-23,1.5,0.999,1.0,0.2331,0.75,0.1169,4.1268,0.3565,0.6791,0.4239,,,,0.0747,0.8072,0.0609,,,,False,True,0.3254,0.0,0.2066,0.0,0.4105,1.0,0.9187,0.0,0.2149
MPWR,2026-03-23,2.0,0.999,1.0,0.0,0.0,,42.4132,0.4144,0.3788,0.4239,,,,0.0,0.6322,0.0427,,,,False,True,-0.0918,0.0,0.0806,0.0,0.3311,1.0,0.6651,0.0,0.3253
GFS,2026-03-23,2.0,0.999,1.0,0.0,0.75,-0.0485,13.3901,-0.0787,0.3542,0.4239,,,,0.0,0.8072,0.0427,,,,False,True,-0.1112,0.0,0.0,0.0,0.1463,1.0,0.2105,0.0,0.3106
IFX.DE,2026-03-23,2.0,0.999,1.0,0.0,0.75,-0.0019,16.3143,1.2602,0.4884,0.4239,,,,0.0,0.8072,0.03,,,,False,True,-0.106,0.0,1.0,0.0,0.09,1.0,0.2249,0.0,0.0
BESI.AS,2026-03-23,1.5,0.999,1.0,1.0,0.75,0.1865,35.5483,1.4388,0.3461,0.4239,,,,0.6532,0.8072,0.226,,,,False,False,-0.2128,0.0,0.5026,0.0,0.304,1.0,0.7273,0.0126,0.0403
WCC,2026-03-23,1.5,0.999,1.0,0.0,0.0,,,,0.2461,0.4239,,,,0.0,0.4222,0.0427,,,,False,True,-0.4436,0.0,0.2202,0.0,0.2566,1.0,0.4833,0.0,0.3164
NEX.PA,2026-03-23,1.5,0.999,1.0,0.8459,0.75,0.1128,23.7426,0.426,0.4728,0.4239,,,,0.4455,0.8072,0.1636,,,,False,False,0.0139,0.0,0.2143,0.0,0.1057,1.0,0.201,0.0,0.1264
IBE.MC,2026-03-23,1.5,0.999,1.0,0.2168,0.75,0.0632,5.6585,1.5501,0.4316,0.4239,,,,0.1231,0.8072,0.0669,,,,False,True,-0.0718,0.0,0.3744,0.0,0.2889,1.0,0.4593,0.2629,0.0
SMR,2026-03-23,1.5,0.999,1.0,0.0,0.0,,,,0.402,0.4239,,,,0.0,0.4222,0.0427,,,,False,True,-0.0453,0.0,0.0,0.0,0.1458,1.0,0.0096,0.0,0.7097
RENK.DE,2026-03-23,1.5,0.999,1.0,0.0,0.0,,,,0.5,0.0,,,,,0.3233,,,,,False,False,0.0,0.0,0.0,0.0,0.3,0.0,0.5,0.0,0.5
HII,2026-03-23,2.0,0.999,1.0,0.0,0.0,,,,0.3969,0.4239,,,,0.0,0.4222,0.0427,,,,False,True,-0.07,0.0,0.0988,0.0,0.4323,1.0,0.8565,0.0,0.4486
TXT,2026-03-23,1.5,0.999,1.0,0.0,0.0,,,,0.3236,0.4239,,,,0.0,0.4222,0.0427,,,,False,True,-0.1746,0.0,0.1174,0.0,0.2041,1.0,0.3445,0.0,0.3315
MRCY,2026-03-23,2.0,0.999,1.0,0.0,0.0,,,,0.6168,0.4239,,,,0.0,0.4222,0.0427,,,,False,True,0.2412,0.0,0.0552,0.0,0.3536,1.0,0.6699,0.0,0.428
CAE.TO,2026-03-23,1.5,0.999,1.0,0.351,0.75,0.0468,42.5604,0.368,0.489,0.4239,,,,0.1792,0.8072,0.0922,,,,False,False,0.0313,0.0,0.2415,0.0,0.1013,1.0,0.1579,0.0,0.1909
WPM,2026-03-23,1.5,0.999,1.0,0.5347,0.75,0.1082,7.2734,1.1843,0.6465,0.4239,,,,0.1888,0.8072,0.0993,,,,False,False,0.1232,0.0,0.9387,0.0,0.3646,1.0,0.7895,0.0,0.244
TGB,2026-03-23,1.5,0.999,1.0,0.0,0.0,,2.3575,-1.6397,0.5502,0.4239,,,,0.0,0.6322,0.0427,,,,False,True,-0.0207,0.0,1.0,0.0,0.4441,1.0,0.9522,0.0,0.3163
LSCC,2026-03-23,2.0,0.999,1.0,0.0,0.0,,,,0.4682,0.4239,,,,0.0,0.4222,0.0427,,,,False,True,0.0203,0.0,0.1431,0.0,0.2117,1.0,0.4928,0.0,0.0727
MTSI,2026-03-23,2.0,0.999,1.0,0.0,0.0,,,,0.3537,0.4239,,,,0.0,0.4222,0.0427,,,,False,True,-0.1119,0.0,0.0,0.0,0.3246,1.0,0.7943,0.0,0.0342
ICHR,2026-03-23,1.5,0.999,1.0,0.0,0.0,,,,0.5905,0.4239,,,,0.0,0.4222,0.0427,,,,False,True,0.2149,0.0,0.0,0.0,0.3741,1.0,0.8804,0.0,0.1098
ENGI.PA,2026-03-23,2.0,0.999,1.0,0.3087,0.75,0.1069,5.0797,3.0103,0.6085,0.4239,,,,0.1207,0.8072,0.0662,,,,False,False,0.181,0.0,0.3266,0.0,0.2694,1.0,0.6411,0.0,0.0648
AEP,2026-03-23,1.5,0.999,1.0,0.0,0.0,,,,0.7066,0.4239,,,,0.0,0.4222,0.0427,,,,False,True,0.4351,0.0,0.4174,0.0,0.3003,1.0,0.4067,0.2219,0.2443
DTE,2026-03-23,1.5,0.999,1.0,0.0,0.0,,,,0.3986,0.4239,,,,0.0,0.4222,0.0427,,,,False,True,-0.0499,0.0,0.0,0.0,0.213,1.0,0.2775,0.158,0.1938
D,2026-03-23,2.0,0.999,1.0,0.0,0.0,,,,0.7297,0.4239,,,,0.0,0.4222,0.0427,,,,False,True,0.2935,0.0,0.6301,0.0,0.1881,1.0,0.2632,0.0,0.4143
PDN.AX,2026-03-23,2.0,0.999,1.0,0.0,0.6,-0.087,0.8072,-0.1771,0.3815,0.4239,,,,0.0,0.7722,0.0427,,,,False,True,-0.124,0.0,0.2804,0.0,0.3573,1.0,0.7656,0.0,0.2553
MRO.L,2026-03-23,1.5,0.999,1.0,0.0,0.0,,3.7128,0.5777,0.4353,0.4239,,,,0.0,0.6322,0.03,,,,False,True,0.0007,0.0,0.0,0.0,0.0898,1.0,0.0909,0.0,0.267
TGI,2026-03-23,1.5,0.999,1.0,0.0,0.0,,,,0.5,0.0,,,,,0.3233,,,,,False,False,0.0,0.0,0.0,0.0,0.2455,0.2546,0.1435,0.2202,0.5
FLR,2026-03-23,2.0,0.999,1.0,0.0,0.0,,,,0.719,0.4239,,,,0.0,0.4222,0.0427,,,,False,True,0.2953,0.0,0.5382,0.0,0.1204,1.0,0.2297,0.0,0.1425
PLL,2026-03-23,1.5,0.999,1.0,0.0,0.0,,,,0.4348,0.0196,,,,,0.3279,,,,,False,False,0.0,0.0,0.0,0.0,0.2302,0.349,0.3254,0.0,0.5
MTRN,2026-03-23,2.0,0.999,1.0,0.0,0.0,,,,0.6522,0.4239,,,,0.0,0.4222,0.0427,,,,False,True,0.3654,0.0,0.0,0.0,0.2559,1.0,0.555,0.0,0.1693
URG,2026-03-23,2.0,0.999,1.0,0.0,0.0,,,,0.2661,0.4239,,,,0.0,0.4222,0.0427,,,,False,True,-0.2823,0.0,0.2754,0.0,0.3463,1.0,0.7799,0.0,0.1718
TSM,2026-03-23,1.5,0.999,1.0,1.0,0.75,0.3463,21.3646,1.6648,0.5434,0.4239,,,,0.4561,0.8072,0.1795,,,,False,False,0.1499,0.0,0.0,0.0,0.3325,1.0,0.7177,0.0,0.227
IPGP,2026-03-23,2.0,0.999,1.0,0.0,0.0,,,,0.3482,0.4239,,,,0.0,0.4222,0.0427,,,,False,True,-0.1195,0.0,0.0,0.0,0.3629,1.0,0.7703,0.0,0.274
CLS,2026-03-23,1.5,0.999,1.0,0.0,0.0,,,,0.3525,0.4239,,,,0.0,0.4222,0.0427,,,,False,True,-0.1136,0.0,0.0,0.0,0.4407,1.0,0.9139,0.0,0.3759
ENR.DE,2026-03-23,2.0,0.999,1.0,0.0,0.0,,1.792,-3.3323,0.3208,0.5029,,,,0.0,0.6507,0.03,,,,False,True,-0.1603,0.0,0.0,0.0,0.3631,1.0,0.8852,0.0,0.045
SU.PA,2026-03-23,2.0,0.999,1.0,1.0,0.75,0.4578,48.6161,0.4647,0.5507,0.5029,,,,0.4489,0.8257,0.1646,,,,False,False,0.2122,0.0,0.0,0.0,0.0689,1.0,0.1722,0.0,0.0
PWR,2026-03-23,1.5,0.999,1.0,0.0,0.0,,36.986,0.1738,0.3848,0.4239,,,,0.0,0.6322,0.0427,,,,False,True,-0.069,0.0,0.0,0.0,0.4937,1.0,0.866,0.2291,0.2782
ATKR,2026-03-23,1.5,0.999,1.0,0.0,0.9167,-0.0737,4.9995,-1.1262,0.4191,0.5029,,,,0.0,0.8646,0.0427,,,,False,True,-0.0763,0.0,0.4185,0.0,0.0921,1.0,0.0431,0.0,0.3741
SAAB-B.ST,2026-03-23,1.5,0.999,1.0,0.5206,0.75,0.0888,73.1466,0.1037,0.3221,0.4239,,,,0.3526,0.8072,0.1357,,,,False,False,-0.291,0.0,0.7527,0.0,0.3733,1.0,0.7847,0.0,0.2972
KOG.OL,2026-03-23,1.5,0.999,1.0,0.0,0.0,,2.3214,-35.3711,0.51,0.4239,,,,0.0,0.6322,0.03,,,,False,True,0.042,0.0,0.3435,0.0,0.4153,1.0,0.6124,0.3046,0.2425
AIR.PA,2026-03-23,1.5,0.999,1.0,1.0,0.75,0.9079,11.4265,-0.5608,0.2663,0.5029,,,,0.733,0.8257,0.2499,,,,False,False,-0.2486,0.0,0.0,0.0,0.1192,1.0,0.1053,0.0,0.3855
LDOS,2026-03-23,2.0,0.999,1.0,0.0,0.0,,,,0.2174,0.4239,,,,0.0,0.4222,0.0427,,,,False,True,-0.3206,0.0,0.0,0.0,0.2143,1.0,0.2871,0.0,0.4973
VIE.PA,2026-03-23,1.5,0.999,1.0,1.0,0.75,0.2546,29.7835,-0.1232,0.6863,0.5029,,,,0.3134,0.8257,0.124,,,,False,False,0.2675,0.0,0.9127,0.0,0.0785,1.0,0.1962,0.0,0.0
GLEN.L,2026-03-23,2.0,0.999,1.0,0.0,0.6667,-0.037,1.8502,-1.9752,0.4167,0.4239,,,,0.0,0.7878,0.03,,,,False,True,-0.1026,0.0,0.4312,0.0,0.561,1.0,0.689,0.4871,0.4528
BOL.ST,2026-03-23,1.5,0.999,1.0,0.0,0.0,,5.013,-2.5396,0.6315,0.4239,,,,0.0,0.6322,0.03,,,,False,True,0.2174,0.0,0.3003,0.0,0.3055,1.0,0.7033,0.0,0.1207
NDA.DE,2026-03-23,2.0,0.999,1.0,0.0681,0.75,0.0353,5.0837,-0.9776,0.2478,0.4239,,,,0.0512,0.8072,0.0453,,,,False,True,-0.3467,0.0,0.2335,0.0,0.2949,1.0,0.6842,0.0,0.106
FCX,2026-03-23,1.5,0.999,1.0,0.2934,0.3333,0.1173,,,0.5777,0.5029,,,,0.1238,0.5184,0.0798,,,,False,False,0.1835,0.0,0.4017,0.0,0.2778,1.0,0.5789,0.0,0.2314
MP,2026-03-23,2.0,0.999,1.0,0.0,0.3333,-0.1475,,,0.5199,0.5029,,,,0.0,0.5184,0.0427,,,,False,True,0.0355,0.0,0.7042,0.0,0.4148,1.0,0.8517,0.0,0.3707
LUN.TO,2026-03-23,1.5,0.999,1.0,0.0709,0.75,0.0243,5.1096,1.6798,0.6988,0.4239,,,,0.0213,0.8072,0.0449,,,,False,True,0.5193,0.0,0.3574,0.0,0.4218,1.0,0.9378,0.0,0.2335
IVN.TO,2026-03-23,1.5,0.999,1.0,0.0,0.5333,-0.0963,0.5271,,0.3431,0.4239,,,,0.0,0.6856,0.0385,,,,False,True,-0.1975,0.0,0.3943,0.0,0.101,1.0,0.067,0.0,0.3712
AVGO,2026-03-23,1.5,0.999,1.0,0.0,0.0,,20.4197,0.4181,0.4593,0.4239,,,,0.0,0.6322,0.0427,,,,False,True,0.0338,0.0,0.0,0.0,0.2498,1.0,0.4785,0.0,0.2918
NG.L,2026-03-23,1.5,0.999,1.0,0.0992,0.75,0.0221,9.1925,-2.7727,0.7272,0.4239,,,,0.027,0.8072,0.0381,,,,False,True,0.2561,0.0,0.8188,0.0,0.2029,1.0,0.5072,0.0,0.0
OKLO,2026-03-23,1.5,0.999,1.0,0.0,0.0,,,,0.3992,0.4239,,,,0.0,0.4222,0.0427,,,,False,True,-0.0491,0.0,0.0,0.0,0.4045,1.0,0.7129,0.0,0.5966
UEC,2026-03-23,2.0,0.999,1.0,0.0,0.0,,3.3434,3.917,0.4734,0.4239,,,,0.0,0.6322,0.0427,,,,False,True,0.0034,0.0,0.2774,0.0,0.4281,1.0,0.8947,0.0,0.3513
KTOS,2026-03-23,2.0,0.999,1.0,0.0,0.0,,14.5153,-0.5835,0.2473,0.4239,,,,0.0,0.6322,0.0427,,,,False,True,-0.2587,0.0,0.0,0.0,0.4888,1.0,0.9426,0.0,0.559
CW,2026-03-23,2.0,0.999,1.0,0.0,0.0,,176.8676,0.0121,0.3616,0.4239,,,,0.0,0.6322,0.0427,,,,False,True,-0.1447,0.0,0.2427,0.0,0.3897,1.0,0.8182,0.1124,0.0875
BAB.L,2026-03-23,2.0,0.999,1.0,0.0,0.0,,,,0.5782,0.4239,,,,0.0,0.4765,0.03,,,,False,True,0.0486,0.0,0.8294,0.0,0.3395,1.0,0.6986,0.0,0.3003
AWR,2026-03-23,1.5,0.999,1.0,0.0,0.0,,,,0.5057,0.4239,,,,0.0,0.4222,0.0427,,,,False,True,0.0979,0.0,0.0,0.0,0.0781,1.0,0.1292,0.0,0.1322
PNN.L,2026-03-23,1.5,0.999,1.0,0.0,0.75,-0.0222,112.2409,-0.1257,0.4649,0.4239,,,,0.0,0.8072,0.03,,,,False,True,-0.01,0.0,0.2867,0.0,0.1474,1.0,0.3684,0.0,0.0
ACCIONA.MC,2026-03-23,2.0,0.999,1.0,0.0,0.0,,,,0.5,0.0,,,,,0.3233,,,,,False,False,0.0,0.0,0.0,0.0,0.3,0.0,0.5,0.0,0.5
ANTO.L,2026-03-23,1.5,0.999,1.0,0.2232,0.6667,0.0809,4.9439,2.5148,0.4183,0.4239,,,,0.1297,0.7878,0.0689,,,,False,True,-0.1095,0.0,0.4816,0.0,0.3401,1.0,0.7416,0.0,0.2174
AMG.AS,2026-03-23,1.5,0.999,1.0,0.0,0.0,,4.6592,-0.8512,0.3285,0.4239,,,,0.0,0.6322,0.03,,,,False,True,-0.4795,0.0,0.8518,0.0,0.3562,1.0,0.756,0.0,0.2689
SCCO,2026-03-23,1.5,0.999,1.0,0.8261,0.3333,0.3304,,,0.7293,0.4239,,,,0.2234,0.5,0.1097,,,,False,False,0.3227,0.0,0.5913,0.0,0.3572,1.0,0.7751,0.0,0.2357
VALE,2026-03-23,1.5,0.999,1.0,0.0,0.0,,4.5305,-0.6033,0.6895,0.4239,,,,0.0,0.6322,0.0427,,,,False,True,0.1864,0.0,0.9173,0.0,0.2718,1.0,0.5598,0.0,0.2395
AMD,2026-03-23,1.5,0.999,1.0,0.0,0.0,,23.4586,-0.1858,0.3373,0.4996,,,,0.0,0.6499,0.0427,,,,False,True,-0.1558,0.0,0.1237,0.0,0.3471,1.0,0.6507,0.0,0.434
ENTG,2026-03-23,2.0,0.999,1.0,0.0,0.0,,24.6716,-0.2005,0.5169,0.4996,,,,0.0,0.6499,0.0427,,,,False,True,0.1032,0.0,0.3009,0.0,0.1438,1.0,0.2536,0.0,0.212
COHR,2026-03-23,1.5,0.999,1.0,0.0,0.0,,,,0.5127,0.4239,,,,0.0,0.4222,0.0427,,,,False,True,0.1075,0.0,0.0,0.0,0.3924,1.0,0.9809,0.0,0.0
STM.PA,2026-03-23,2.0,0.999,1.0,0.0,0.0,,,,0.5,0.0,,,,,0.3233,,,,,False,False,0.0,0.0,0.0,0.0,0.3,0.0,0.5,0.0,0.5
SOITEC.PA,2026-03-23,1.5,0.999,1.0,0.0,0.0,,,,0.5,0.0,,,,,0.3233,,,,,False,False,0.0,0.0,0.0,0.0,0.3,0.0,0.5,0.0,0.5
UROY,2026-03-23,2.0,0.999,1.0,0.0,0.6,-0.1335,3.3953,-9.794,0.4036,0.4239,,,,0.0,0.7722,0.0427,,,,False,True,-0.1325,0.0,0.4968,0.0,0.4086,1.0,0.823,0.0,0.3969
CRDO,2026-03-23,1.5,0.999,1.0,0.0,0.0,,,,0.5013,0.4239,,,,0.0,0.4222,0.0427,,,,False,True,0.0918,0.0,0.0,0.0,0.375,1.0,0.8373,0.0,0.2006
ALGM,2026-03-23,2.0,0.999,1.0,0.0,0.0,,,,0.3727,0.4239,,,,0.0,0.4222,0.0427,,,,False,True,-0.0857,0.0,0.0,0.0,0.228,1.0,0.3349,0.0,0.4703
XEL,2026-03-23,1.5,0.999,1.0,0.0,0.0,,,,0.7282,0.4239,,,,0.0,0.4222,0.0427,,,,False,True,0.3201,0.0,0.5826,0.0,0.2112,1.0,0.3014,0.0669,0.3193
EIX,2026-03-23,1.5,0.999,1.0,0.0,0.0,,,,0.7412,0.4239,,,,0.0,0.4222,0.0427,,,,False,True,0.275,0.0,0.8213,0.0,0.3064,1.0,0.4306,0.1448,0.381
VERBUND.VI,2026-03-23,1.5,0.999,1.0,0.0,0.0,,,,0.5,0.0,,,,,0.3233,,,,,False,False,0.0,0.0,0.0,0.0,0.3,0.0,0.5,0.0,0.5
NRG,2026-03-23,2.0,0.999,1.0,0.0,0.0,,,,0.6499,0.4239,,,,0.0,0.4222,0.0427,,,,False,True,0.2968,0.0,0.0,0.0,0.2432,1.0,0.5167,0.0,0.1825
NXE,2026-03-23,2.0,0.999,1.0,0.0,0.2333,-0.2217,,,0.253,0.4239,,,,0.0,0.4767,0.0427,,,,False,True,-0.2726,0.0,0.121,0.0,0.4012,1.0,0.9043,0.0,0.1973
BA,2026-03-23,1.5,0.999,1.0,0.0,0.0,,,,0.3768,0.4239,,,,0.0,0.4222,0.0427,,,,False,True,-0.1193,0.0,0.2184,0.0,0.1512,1.0,0.378,0.0,0.0
IEX,2026-03-23,2.0,0.999,1.0,0.0,0.0,,,,0.4167,0.4239,,,,0.0,0.4222,0.0427,,,,False,True,-0.0249,0.0,0.0,0.0,0.1255,1.0,0.1627,0.0,0.3019
ZWS,2026-03-23,1.5,0.999,1.0,0.0,0.0,,,,0.5267,0.4239,,,,0.0,0.4222,0.0427,,,,False,True,0.1268,0.0,0.0,0.0,0.2243,1.0,0.3971,0.0,0.3274
FNV,2026-03-23,1.5,0.999,1.0,0.0,0.0,,13.9482,1.4211,0.6203,0.4239,,,,0.0,0.6322,0.0427,,,,False,True,0.104,0.0,0.8443,0.0,0.323,1.0,0.6603,0.0,0.2944
SLI,2026-03-23,1.5,0.999,1.0,0.9729,0.2333,0.3892,,,0.659,0.4239,,,,0.3314,0.4767,0.1421,,,,False,False,0.1294,0.0,1.0,0.0,0.4625,1.0,0.9474,0.0,0.4178
ETN,2026-03-23,2.0,0.999,1.0,0.0,0.0,,,,0.5513,0.4239,,,,0.0,0.4222,0.0427,,,,False,True,0.1537,0.0,0.0391,0.0,0.1614,1.0,0.244,0.0034,0.3124
VRT,2026-03-23,2.0,0.999,1.0,0.8908,0.3333,0.3563,,,0.3185,0.5029,,,,0.6065,0.5184,0.2246,,,,True,False,-0.1641,0.0,0.0,0.0,0.5497,1.0,0.9665,0.3166,0.1823
CEG,2026-03-23,2.0,0.999,1.0,0.095,0.3333,0.038,,,0.5862,0.5029,,,,0.0393,0.5184,0.0545,,,,False,True,0.2696,0.0,0.0,0.0,0.2032,1.0,0.3301,0.0,0.3557
NNE,2026-03-23,1.5,0.999,1.0,0.0,0.0,,,,0.3813,0.5029,,,,0.0,0.4407,0.0427,,,,False,True,-0.0623,0.0,0.0,0.0,0.1344,1.0,0.0239,0.0,0.6242
BWXT,2026-03-23,2.0,0.999,1.0,0.0,0.0,,,,0.3995,0.5029,,,,0.0,0.4407,0.0427,,,,False,True,-0.1013,0.0,0.3808,0.0,0.3865,1.0,0.7512,0.0753,0.2793
LDO.MI,2026-03-23,1.5,0.999,1.0,1.0,0.6667,0.2557,15.0511,-0.1929,0.2745,0.4239,,,,0.7248,0.7878,0.2474,,,,False,False,-0.2217,0.0,0.0025,0.0,0.3029,1.0,0.5455,0.1945,0.0344
TDG,2026-03-23,1.5,0.999,1.0,1.0,0.9167,0.4495,19.1691,0.0054,0.4538,0.4239,,,,0.5457,0.8461,0.2064,,,,False,False,0.0263,0.0,0.0,0.0,0.0982,1.0,0.0861,0.0,0.319
AWK,2026-03-23,1.5,0.999,1.0,0.0,0.0,,,,0.4572,0.5029,,,,0.0,0.4407,0.0427,,,,False,True,0.0607,0.0,0.0,0.0,0.1183,1.0,0.1483,0.0,0.295
XYL,2026-03-23,2.0,0.999,1.0,1.0,0.9167,0.1861,64.6956,0.3326,0.4938,0.5029,,,,0.5057,0.8646,0.1944,,,,False,False,0.12,0.0,0.0,0.0,0.1366,1.0,0.1005,0.0,0.4821
NVDA,2026-03-23,2.0,0.999,1.0,1.0,0.9167,0.627,9.3484,-6.2321,0.5299,0.4996,,,,0.4696,0.8638,0.1836,,,,False,False,0.1736,0.0,0.0271,0.0,0.269,1.0,0.4976,0.0,0.35
ONTO,2026-03-23,2.0,0.999,1.0,0.0,0.0,,31.74,-0.0128,0.4854,0.4239,,,,0.0,0.6322,0.0427,,,,False,True,0.0427,0.0,0.1506,0.0,0.2187,1.0,0.4689,0.0,0.1556
ASML.AS,2026-03-23,1.5,0.999,1.0,1.0,0.75,1.6915,53.3934,-0.2104,0.4741,0.4996,,,,0.5254,0.8249,0.1876,,,,False,False,-0.0919,0.0,1.0,0.0,0.3533,1.0,0.7081,0.0,0.3505
HUBB,2026-03-23,1.5,0.999,1.0,0.0,0.0,,8.3175,-0.7305,0.297,0.4239,,,,0.0,0.6322,0.0427,,,,False,True,-0.1995,0.0,0.0521,0.0,0.1978,1.0,0.4211,0.0075,0.1317
IDA,2026-03-23,1.5,0.999,1.0,0.0,0.3333,-0.0043,,,0.682,0.4239,,,,0.0,0.5,0.0427,,,,False,True,0.3155,0.0,0.2289,0.0,0.2983,1.0,0.3541,0.1846,0.4139
EOAN.DE,2026-03-23,1.5,0.999,1.0,0.0,0.0,,1.0681,16.21,0.6945,0.4239,,,,0.0,0.6322,0.03,,,,False,True,0.2042,0.0,0.8565,0.0,0.2688,1.0,0.6029,0.069,0.0
ORSTED.CO,2026-03-23,1.5,0.999,1.0,0.0,0.75,-0.008,5.8983,1.5604,0.5864,0.4239,,,,0.0,0.8072,0.03,,,,False,True,0.0293,0.0,1.0,0.0,0.0955,1.0,0.0144,0.0,0.4488
UUUU,2026-03-23,2.0,0.999,1.0,0.0,0.3333,-0.1371,,,0.2932,0.4996,,,,0.0,0.5177,0.0427,,,,False,True,-0.2938,0.0,0.4935,0.0,0.4792,1.0,0.9856,0.0,0.4248
NOC,2026-03-23,1.5,0.999,1.0,0.7401,0.3333,0.296,,,0.5228,0.4239,,,,0.3528,0.5,0.1485,,,,False,False,0.063,0.0,0.3251,0.0,0.3565,1.0,0.6268,0.0793,0.3701
DRS,2026-03-23,1.5,0.999,1.0,0.7035,0.9167,0.1407,11.6718,-0.098,0.2174,0.4239,,,,0.55,0.8461,0.2077,,,,False,False,-0.4281,0.0,0.0,0.0,0.3128,1.0,0.5694,0.0149,0.3952
AM.PA,2026-03-23,1.5,0.999,1.0,0.9154,0.6667,0.1221,10.3699,3.4678,0.2933,0.4996,,,,0.6463,0.8055,0.2239,,,,False,False,-0.3294,0.0,0.5285,0.0,0.2046,1.0,0.3397,0.1278,0.0882
CHG.L,2026-03-23,1.5,0.999,1.0,0.3126,0.2333,0.125,,,0.3659,0.4239,,,,0.198,0.4767,0.0894,,,,False,False,-0.2194,0.0,0.6911,0.0,0.2204,1.0,0.4258,0.0,0.2505
QQ.L,2026-03-23,2.0,0.999,1.0,0.0,0.2333,-0.1984,,,0.4926,0.4239,,,,0.0,0.4767,0.03,,,,False,True,-0.0712,0.0,0.8387,0.0,0.1184,1.0,0.1866,0.0,0.219
SJW,2026-03-23,1.5,0.999,1.0,0.0,0.0,,,,0.5,0.0,,,,,0.3233,,,,,False,False,0.0,0.0,0.0,0.0,0.3434,0.0619,0.5,0.1085,0.5
MSEX,2026-03-23,1.5,0.999,1.0,0.0,0.0,,,,0.6113,0.4996,,,,0.0,0.4399,0.0427,,,,False,True,0.3165,0.0,0.0572,0.0,0.0887,1.0,0.0957,0.0,0.2523
UU.L,2026-03-23,1.5,0.999,1.0,0.0642,0.75,0.0128,88.615,-0.5916,0.614,0.4239,,,,0.0248,0.8072,0.0374,,,,False,True,0.183,0.0,0.3571,0.0,0.2181,1.0,0.445,0.0559,0.0887
AAL.L,2026-03-23,1.5,0.999,1.0,0.0,0.0,,8.5022,-3.1369,0.5573,0.4239,,,,0.0,0.6322,0.03,,,,False,True,0.1038,0.0,0.3627,0.0,0.1906,1.0,0.4115,0.0,0.1298
RIO.L,2026-03-23,1.5,0.999,1.0,0.569,0.75,0.1138,24.6302,-0.7205,0.4587,0.4239,,,,0.3077,0.8072,0.1223,,,,False,False,0.0004,0.0,0.1813,0.0,0.235,1.0,0.488,0.0,0.1991
ALB,2026-03-23,1.5,0.999,1.0,0.0,0.0,,1.2181,7.6812,0.4549,0.4239,,,,0.0,0.6322,0.0427,,,,False,True,-0.0794,0.0,0.5954,0.0,0.4243,1.0,0.8325,0.0,0.4567
AA,2026-03-23,1.5,0.999,1.0,0.0,0.0,,,,0.5591,0.4239,,,,0.0,0.4222,0.0427,,,,False,True,0.1715,0.0,0.0,0.0,0.3791,1.0,0.8134,0.0,0.2689
CS.TO,2026-03-23,1.5,0.999,1.0,0.0,0.75,-0.0862,1.169,-1.4433,0.4948,0.4996,,,,0.0,0.8249,0.0385,,,,False,True,0.0517,0.0,0.3883,0.0,0.2102,1.0,0.3493,0.0,0.3526
MRVL,2026-03-23,1.5,0.999,1.0,0.0,0.9167,-0.2484,10.4018,-0.861,0.5231,0.4239,,,,0.0,0.8461,0.0427,,,,False,True,0.1219,0.0,0.0,0.0,0.0995,1.0,0.2488,0.0,0.0
SMCI,2026-03-23,1.5,0.999,1.0,0.0,0.0,,5.7799,-0.9902,0.3418,0.4239,,,,0.0,0.6322,0.0427,,,,False,True,-0.1283,0.0,0.0,0.0,0.0458,1.0,0.0383,0.0,0.1522
COMET.SW,2026-03-23,1.5,0.999,1.0,0.0,0.0,,,,0.5,0.0,,,,,0.3233,,,,,False,False,0.0,0.0,0.0,0.0,0.3,0.0,0.5,0.0,0.5
LR.PA,2026-03-23,2.0,0.999,1.0,1.0,0.75,0.4008,46.6048,0.8723,0.592,0.4239,,,,0.4076,0.8072,0.1523,,,,False,False,0.2169,0.0,0.0,0.0,0.1454,1.0,0.3636,0.0,0.0
ELI.BR,2026-03-23,1.5,0.999,1.0,0.0231,0.6667,0.0078,5.1713,4.6142,0.4789,0.4239,,,,0.012,0.7878,0.0336,,,,False,True,-0.0812,0.0,0.7895,0.0,0.3019,1.0,0.6364,0.1184,0.0
DUK,2026-03-23,2.0,0.999,1.0,0.0,0.0,,,,0.7007,0.4239,,,,0.0,0.4222,0.0427,,,,False,True,0.4694,0.0,0.3724,0.0,0.2605,1.0,0.2967,0.2392,0.2309
KAP.L,2026-03-23,2.0,0.999,1.0,1.0,0.6667,0.4987,9.2829,2.737,0.3774,0.4239,,,,0.622,0.7878,0.2166,,,,False,False,-0.2408,0.0,0.8976,0.0,0.3689,1.0,0.8278,0.0,0.189
PSN,2026-03-23,2.0,0.999,1.0,0.0,0.0,,,,0.3121,0.4239,,,,0.0,0.4222,0.0427,,,,False,True,-0.2735,0.0,0.5788,0.0,0.069,1.0,0.0718,0.0,0.2012
WTS,2026-03-23,1.5,0.999,1.0,0.0,0.0,,,,0.5338,0.4239,,,,0.0,0.4222,0.0427,,,,False,True,0.1366,0.0,0.0,0.0,0.2401,1.0,0.4545,0.0,0.2915
KGHM.WA,2026-03-23,1.5,0.999,1.0,0.0,0.0,,,,0.5,0.0,,,,,0.3233,,,,,False,False,0.0,0.0,0.0,0.0,0.3,0.0,0.5,0.0,0.5
FORM,2026-03-23,1.5,0.999,1.0,0.0,0.0,,,,0.5163,0.4239,,,,0.0,0.4222,0.0427,,,,False,True,0.0887,0.0,0.132,0.0,0.4568,1.0,0.9617,0.0,0.3608
SO,2026-03-23,2.0,0.999,1.0,0.0,0.0,,,,0.4427,0.4239,,,,0.0,0.4222,0.0427,,,,False,True,-0.0092,0.0,0.1117,0.0,0.2072,1.0,0.2344,0.116,0.3354
EDPR.LS,2026-03-23,1.5,0.999,1.0,0.0,0.75,-0.0055,23.6748,-2.6106,0.4193,0.4239,,,,0.0,0.8072,0.03,,,,False,True,-0.0321,0.0,0.0594,0.0,0.3197,1.0,0.6172,0.1694,0.0252
A2A.MI,2026-03-23,1.5,0.999,1.0,0.0,0.0,,3.0062,1.8171,0.3872,0.4239,,,,0.0,0.6322,0.03,,,,False,True,-0.0949,0.0,0.1628,0.0,0.1106,1.0,0.177,0.0,0.1992
H.TO,2026-03-23,1.5,0.999,1.0,0.1094,0.75,0.0161,63.927,0.1972,0.479,0.4239,,,,0.0569,0.8072,0.0555,,,,False,True,-0.02,0.0,0.4501,0.0,0.2684,1.0,0.3828,0.236,0.1044
ETR,2026-03-23,2.0,0.999,1.0,0.0,0.0,,,,0.6677,0.4239,,,,0.0,0.4222,0.0427,,,,False,True,0.3297,0.0,0.1192,0.0,0.2743,1.0,0.3876,0.1224,0.3515
ESLT,2026-03-23,2.0,0.999,1.0,0.9362,0.75,0.1663,60.6677,0.0776,0.2174,0.4239,,,,0.7319,0.8072,0.2623,,,,False,False,-0.3867,0.0,0.0,0.0,0.3919,1.0,0.9282,0.0516,0.0
AVAV,2026-03-23,2.0,0.999,1.0,0.0,0.0,,,,0.2264,0.4239,,,,0.0,0.4222,0.0427,,,,False,True,-0.2875,0.0,0.0,0.0,0.2947,1.0,0.5215,0.0,0.4303
AXON,2026-03-23,2.0,0.999,1.0,0.0,0.0,,,,0.4407,0.4239,,,,0.0,0.4222,0.0427,,,,False,True,0.0081,0.0,0.0,0.0,0.1118,1.0,0.0478,0.0,0.4635
HWM,2026-03-23,1.5,0.999,1.0,0.0,0.0,,,,0.6522,0.4239,,,,0.0,0.4222,0.0427,,,,False,True,0.3862,0.0,0.0,0.0,0.3433,1.0,0.7368,0.0,0.2431
DRW3.DE,2026-03-23,1.5,0.999,1.0,0.5086,0.6667,0.0678,18.1415,0.5318,0.3478,0.4239,,,,0.3314,0.7878,0.1294,,,,False,False,-0.5168,0.0,1.0,0.0,0.3372,1.0,0.5885,0.0423,0.4242
YORW,2026-03-23,1.5,0.999,1.0,0.0,0.0,,,,0.5044,0.4239,,,,0.0,0.4222,0.0427,,,,False,True,0.0961,0.0,0.0,0.0,0.1022,1.0,0.11,0.0,0.2912
CWT,2026-03-23,1.5,0.999,1.0,0.0,0.0,,,,0.3189,0.4239,,,,0.0,0.4222,0.0427,,,,False,True,-0.1599,0.0,0.0,0.0,0.0912,1.0,0.1388,0.0,0.1784
ARTNA,2026-03-23,1.5,0.999,1.0,0.0,0.0,,,,0.3945,0.4239,,,,0.0,0.4222,0.0427,,,,False,True,-0.0744,0.0,0.1047,0.0,0.094,1.0,0.1531,0.0,0.1639
NEO.TO,2026-03-23,1.5,0.999,1.0,0.0,0.75,-0.0789,5.1273,-0.2357,0.7056,0.4239,,,,0.0,0.8072,0.0385,,,,False,True,0.7486,0.0,0.4093,0.0,0.4185,1.0,0.9761,0.0,0.1402
HAYN,2026-03-23,2.0,0.999,1.0,0.0,0.0,,,,0.5,0.0,,,,,0.3233,,,,,False,False,0.0,0.0,0.0,0.0,0.3,0.0,0.5,0.0,0.5
MT,2026-03-23,1.5,0.999,1.0,0.0,0.75,-0.0341,2.3816,1.2401,0.519,0.4239,,,,0.0,0.8072,0.0427,,,,False,True,0.094,0.0,0.1231,0.0,0.2737,1.0,0.622,0.0,0.1243
ARM,2026-03-23,1.5,0.999,1.0,0.1898,0.75,0.0299,112.5442,0.1543,0.6001,0.4239,,,,0.0758,0.8072,0.0654,,,,False,True,0.2282,0.0,0.0,0.0,0.078,1.0,0.1148,0.0,0.1605
TER,2026-03-23,2.0,0.999,1.0,0.0,0.0,,,,0.3887,0.4239,,,,0.0,0.4222,0.0427,,,,False,True,-0.0916,0.0,0.1553,0.0,0.4365,1.0,0.9713,0.0,0.2398
ABBNY,2026-03-23,2.0,0.999,1.0,1.0,0.75,0.4314,9.8245,0.0044,0.567,0.4239,,,,0.4326,0.8072,0.1598,,,,False,False,0.1825,0.0,0.0,0.0,0.2473,1.0,0.512,0.0,0.2124
NKT.CO,2026-03-23,1.5,0.999,1.0,1.0,0.75,0.2701,54.9058,-0.4003,0.4541,0.4239,,,,0.5454,0.8072,0.1936,,,,False,False,0.0267,0.0,0.0,0.0,0.2794,1.0,0.5263,0.0718,0.2008
MYRG,2026-03-23,1.5,0.999,1.0,0.7726,0.9167,0.181,6.5524,0.8078,0.3567,0.5029,,,,0.4965,0.8646,0.1917,,,,True,False,-0.1349,0.0,0.1823,0.0,0.4598,1.0,0.8708,0.1149,0.3278
RR.L,2026-03-23,2.0,0.999,1.0,0.0,0.0,,13.8451,0.6364,0.3397,0.4239,,,,0.0,0.6322,0.03,,,,False,True,-0.2004,0.0,0.3847,0.0,0.2144,1.0,0.5359,0.0,0.0
CCJ,2026-03-23,2.0,0.999,1.0,0.0,0.75,-0.0033,3.2616,-1.1725,0.3336,0.5029,,,,0.0,0.8257,0.0427,,,,False,True,-0.1875,0.0,0.2661,0.0,0.3797,1.0,0.89,0.0,0.1186
LEU,2026-03-23,1.5,0.999,1.0,0.0,0.0,,4.7774,1.1121,0.6049,0.5029,,,,0.0,0.6507,0.0427,,,,False,True,0.314,0.0,0.0,0.0,0.4856,1.0,0.8995,0.0,0.629
HO.PA,2026-03-23,2.0,0.999,1.0,1.0,0.6667,0.6321,47.5319,0.1338,0.4468,0.4239,,,,0.5526,0.7878,0.1958,,,,False,False,-0.0143,0.0,0.1714,0.0,0.1229,1.0,0.1675,0.0,0.2797
WTRG,2026-03-23,1.5,0.999,1.0,0.0,0.0,,,,0.4628,0.5029,,,,0.0,0.4407,0.0427,,,,False,True,0.0698,0.0,0.0,0.0,0.18,1.0,0.2153,0.1318,0.2059
TECK-B.TO,2026-03-23,1.5,0.999,1.0,0.0,0.75,-0.0363,1.7936,7.2993,0.7577,0.4239,,,,0.0,0.8072,0.0385,,,,False,True,0.4819,0.0,0.8088,0.0,0.1917,1.0,0.311,0.0,0.3366
KLAC,2026-03-23,1.5,0.999,1.0,0.0,0.0,,,,0.3225,0.4996,,,,0.0,0.4941,0.0427,,,,False,True,-0.1576,0.0,0.0,0.0,0.3872,1.0,0.8038,0.0,0.3284
ASML,2026-03-23,1.5,0.999,1.0,1.0,0.75,1.7746,53.3934,0.145,0.3829,0.4996,,,,0.6165,0.8249,0.2276,,,,False,False,-0.088,0.0,0.1569,0.0,0.347,1.0,0.7608,0.0,0.2135
ITRI,2026-03-23,2.0,0.999,1.0,1.0,0.9167,0.3287,8.787,-0.0889,0.4592,0.4239,,,,0.5403,0.8461,0.2048,,,,False,False,-0.0836,0.0,0.6518,0.0,0.1094,1.0,0.0526,0.0,0.4419
AEE,2026-03-23,1.5,0.999,1.0,0.0134,0.3333,0.0054,,,0.5985,0.4239,,,,0.0054,0.5,0.0443,,,,False,True,0.1225,0.0,0.5746,0.0,0.197,1.0,0.2823,0.1394,0.1415
SSE.L,2026-03-23,1.5,0.999,1.0,0.0,0.75,0.0454,1.4053,-12.4576,0.4483,0.4239,,,,0.0,0.8072,0.03,,,,False,True,-0.0277,0.0,0.2579,0.0,0.4299,1.0,0.7321,0.2281,0.2289
RWE.DE,2026-03-23,1.5,0.999,1.0,0.1171,0.6667,0.1187,3.0521,12.7794,0.6475,0.4239,,,,0.0412,0.7878,0.0424,,,,False,True,0.1932,0.0,0.5575,0.0,0.4439,1.0,0.7225,0.2875,0.1995
TERNA.MI,2026-03-23,1.5,0.999,1.0,0.0,0.0,,,,0.5,0.0,,,,,0.3233,,,,,False,False,0.0,0.0,0.0,0.0,0.3,0.0,0.5,0.0,0.5
VST,2026-03-23,2.0,0.999,1.0,0.0435,0.3333,0.0174,,,0.6522,0.4239,,,,0.0151,0.5,0.0472,,,,False,True,0.4121,0.0,0.0,0.0,0.1746,1.0,0.3206,0.0,0.2317
LHX,2026-03-23,2.0,0.999,1.0,0.0,0.0,,,,0.4102,0.4239,,,,0.0,0.4222,0.0427,,,,False,True,-0.0655,0.0,0.1755,0.0,0.3651,1.0,0.6794,0.1138,0.2392
BAH,2026-03-23,2.0,0.999,1.0,1.0,0.3333,0.5887,,,0.4425,0.4239,,,,0.5569,0.5,0.2098,,,,False,False,0.0107,0.0,0.0,0.0,0.1066,1.0,0.0287,0.0,0.4755
PLTR,2026-03-23,2.0,0.999,1.0,0.0,0.0,,45.8677,0.0063,0.5039,0.4239,,,,0.0,0.6322,0.0427,,,,False,True,0.0954,0.0,0.0,0.0,0.319,1.0,0.5742,0.0,0.4465
SAF.PA,2026-03-23,1.5,0.999,1.0,1.0,0.75,1.7164,72.6443,-0.0771,0.5722,0.4239,,,,0.4274,0.8072,0.1582,,,,False,False,0.1897,0.0,0.0,0.0,0.1299,1.0,0.2584,0.0,0.1329
MTX.DE,2026-03-23,1.5,0.999,1.0,0.0,0.0,,1.8003,-15.0071,0.3736,0.4239,,,,0.0,0.6322,0.03,,,,False,True,-0.0845,0.0,0.0,0.0,0.0771,1.0,0.1244,0.0,0.1366
INDRA.MC,2026-03-23,2.0,0.999,1.0,0.0,0.0,,,,0.5,0.0,,,,,0.3233,,,,,False,False,0.0,0.0,0.0,0.0,0.3,0.0,0.5,0.0,0.5
BMI,2026-03-23,2.0,0.999,1.0,0.0,0.0,,29.9641,0.2391,0.3636,0.4239,,,,0.0,0.6322,0.0427,,,,False,True,-0.0983,0.0,0.0,0.0,0.1283,1.0,0.0335,0.0,0.5743
SQM,2026-03-23,1.5,0.999,1.0,0.0965,0.75,0.0505,4.0383,1.5386,0.2878,0.4239,,,,0.0687,0.8072,0.0633,,,,False,True,-0.2572,0.0,0.3021,0.0,0.3313,1.0,0.6938,0.0,0.2687
ERO.TO,2026-03-23,1.5,0.999,1.0,0.0,0.75,-0.1366,3.5185,-0.9678,0.5098,0.4239,,,,0.0,0.8072,0.0385,,,,False,True,0.0779,0.0,0.1426,0.0,0.3644,1.0,0.7464,0.0,0.3294
MU,2026-03-23,1.5,0.999,1.0,0.0,0.9167,0.0049,1.236,13.3684,0.379,0.4239,,,,0.0,0.8461,0.0427,,,,False,True,-0.077,0.0,0.0,0.0,0.4723,1.0,0.9904,0.1057,0.1692
WOLF,2026-03-23,2.0,0.999,1.0,0.0,0.8667,-0.2794,0.8421,-3.9543,0.3556,0.4212,,,,0.0,0.7681,0.0427,,,,False,True,-0.1561,0.0,0.2605,0.0,0.055,0.5772,0.0766,0.0,0.1218
ACLS,2026-03-23,1.5,0.999,1.0,0.0,0.0,,58.5333,0.0881,0.3988,0.4239,,,,0.0,0.6322,0.0427,,,,False,True,-0.0496,0.0,0.0,0.0,0.2575,1.0,0.3589,0.0,0.5695
ASM.AS,2026-03-23,1.5,0.999,1.0,0.7805,0.6667,0.1561,35.2163,-0.7248,0.3884,0.4239,,,,0.4769,0.7878,0.173,,,,False,False,-0.2391,0.0,0.9727,0.0,0.2832,1.0,0.5837,0.0,0.2488
GEV,2026-03-23,2.0,0.999,1.0,0.0,0.0,,,,0.5298,0.4239,,,,0.0,0.4222,0.0427,,,,False,True,0.1311,0.0,0.0,0.0,0.4996,1.0,0.9091,0.2757,0.1285
AES,2026-03-23,1.5,0.999,1.0,0.0,0.0,,,,0.4356,0.4239,,,,0.0,0.4222,0.0427,,,,False,True,0.0011,0.0,0.0,0.0,0.1694,1.0,0.2392,0.0,0.3686
HAG.DE,2026-03-23,2.0,0.999,1.0,1.0,0.6667,1.6426,81.7362,-0.2042,0.4914,0.4239,,,,0.5081,0.7878,0.1824,,,,False,False,-0.0044,0.0,0.4584,0.0,0.1076,1.0,0.1914,0.0,0.1554
TDY,2026-03-23,2.0,0.999,1.0,0.0,0.0,,,,0.4966,0.4239,,,,0.0,0.4222,0.0427,,,,False,True,0.0713,0.0,0.0779,0.0,0.2538,1.0,0.4498,0.0,0.3696
SBS,2026-03-23,1.5,0.999,1.0,0.179,0.75,0.1107,4.5871,-3.5388,0.2683,0.4239,,,,0.1308,0.8072,0.082,,,,False,True,-0.2298,0.0,0.0,0.0,0.2795,1.0,0.6077,0.0911,0.0
SGML,2026-03-23,1.5,0.999,1.0,0.0,0.5333,-0.2874,1.7844,,0.6509,0.4239,,,,0.0,0.6856,0.0427,,,,False,True,0.1353,0.0,0.9052,0.0,0.161,1.0,0.134,0.0,0.537
EXC,2026-03-23,2.0,0.999,1.0,0.0,0.0,,,,0.6572,0.4239,,,,0.0,0.4222,0.0427,,,,False,True,0.3028,0.0,0.0382,0.0,0.2206,1.0,0.3158,0.1126,0.2464
PPL,2026-03-23,1.5,0.999,1.0,0.0,0.0,,,,0.4371,0.4239,,,,0.0,0.4222,0.0427,,,,False,True,-0.0768,0.0,0.4441,0.0,0.1993,1.0,0.2727,0.1327,0.1856
AME,2026-03-23,2.0,0.999,1.0,0.0,0.0,,,,0.5425,0.4239,,,,0.0,0.4222,0.0427,,,,False,True,0.0322,0.0,0.6468,0.0,0.1531,1.0,0.3062,0.0,0.1531
FTS.TO,2026-03-23,1.5,0.999,1.0,0.1416,0.75,0.0283,17.8942,-0.4601,0.6212,0.4239,,,,0.0536,0.8072,0.0545,,,,False,True,0.2425,0.0,0.0816,0.0,0.2657,1.0,0.3732,0.1819,0.2183
CACI,2026-03-23,2.0,0.999,1.0,0.0,0.0,,,,0.5311,0.4239,,,,0.0,0.4222,0.0427,,,,False,True,0.0494,0.0,0.4641,0.0,0.3113,1.0,0.5407,0.056,0.3631
MOG.A,2026-03-23,1.5,0.999,1.0,0.0,0.0,,,,0.5,0.0,,,,,0.3233,,,,,False,False,0.0,0.0,0.0,0.0,0.3,0.0,0.5,0.0,0.5
SRP.L,2026-03-23,1.5,0.999,1.0,0.0,0.0,,32.375,-0.7332,0.6067,0.4239,,,,0.0,0.6322,0.03,,,,False,True,0.0572,0.0,1.0,0.0,0.3716,1.0,0.8086,0.1204,0.0
DCO,2026-03-23,1.5,0.999,1.0,0.0,0.0,,,,0.4761,0.4239,,,,0.0,0.4222,0.0427,,,,False,True,0.057,0.0,0.0,0.0,0.3445,1.0,0.8612,0.0,0.0
VVX,2026-03-23,1.5,0.999,1.0,0.0,0.0,,,,0.5242,0.4239,,,,0.0,0.4222,0.0427,,,,False,True,0.0475,0.0,0.4216,0.0,0.3061,1.0,0.4641,0.0859,0.4303
CWCO,2026-03-23,1.5,0.999,1.0,0.0,0.0,,,,0.3982,0.4239,,,,0.0,0.4222,0.0427,,,,False,True,-0.0505,0.0,0.0,0.0,0.1283,1.0,0.2679,0.0,0.1058
RGLD,2026-03-23,1.5,0.999,1.0,0.0,0.0,,,,0.539,0.4239,,,,0.0,0.4222,0.0427,,,,False,True,0.0592,0.0,0.4703,0.0,0.2999,1.0,0.6555,0.0,0.1884
PAAS,2026-03-23,1.5,0.999,1.0,0.0,0.0,,1.2354,1.7953,0.6828,0.4239,,,,0.0,0.6322,0.0427,,,,False,True,0.1847,0.0,0.8756,0.0,0.4115,1.0,0.8469,0.0,0.3635
NMG,2026-03-23,1.5,0.999,1.0,0.0,0.2333,-1.2106,,,0.4819,0.4239,,,,0.0,0.4767,0.0427,,,,False,True,-0.0011,0.0,0.3674,0.0,0.2114,1.0,0.2919,0.0,0.4734
BHP,2026-03-23,1.5,0.999,1.0,1.0,0.75,0.2124,25.2081,1.023,0.7062,0.4239,,,,0.2935,0.8072,0.1308,,,,False,False,0.1946,0.0,1.0,0.0,0.2175,1.0,0.4737,0.0,0.1403
ALAB,2026-03-23,1.5,0.999,1.0,0.0,0.0,,,,0.6522,0.4239,,,,0.0,0.4222,0.0427,,,,False,True,0.3566,0.0,0.0,0.0,0.3102,1.0,0.5024,0.0,0.5462
LITE,2026-03-23,2.0,0.999,1.0,0.0,0.0,,,,0.4313,0.4239,,,,0.0,0.4222,0.0427,,,,False,True,-0.0048,0.0,0.0,0.0,0.4029,1.0,0.9952,0.0121,0.0
RMBS,2026-03-23,1.5,0.999,1.0,0.0,0.0,,,,0.5035,0.4239,,,,0.0,0.4222,0.0427,,,,False,True,0.0948,0.0,0.0,0.0,0.3372,1.0,0.5933,0.0,0.4993
AMAT,2026-03-23,1.5,0.999,1.0,0.0,0.0,,,,0.4648,0.4239,,,,0.0,0.4222,0.0427,,,,False,True,0.017,0.0,0.1358,0.0,0.4226,1.0,0.8756,0.0171,0.3278
LRCX,2026-03-23,1.5,0.999,1.0,0.0,0.0,,,,0.3722,0.4239,,,,0.0,0.4222,0.0427,,,,False,True,-0.0924,0.0,0.0334,0.0,0.4487,1.0,0.9234,0.0778,0.2413
NXPI,2026-03-23,2.0,0.999,1.0,0.0,0.0,,,,0.6359,0.4239,,,,0.0,0.4222,0.0427,,,,False,True,0.2775,0.0,0.0,0.0,0.1124,1.0,0.0574,0.0,0.4474
AMKR,2026-03-23,1.5,0.999,1.0,0.0,0.0,,,,0.5444,0.4239,,,,0.0,0.4222,0.0427,,,,False,True,0.1463,0.0,0.0275,0.0,0.3936,1.0,0.799,0.0,0.37
